"FSC-A","FSC-H","FSC-W","SSC-A","SSC-H","SSC-W","CD34","CD38","7-AAD","IdxCol","IdxRow","Time"
102828,64725,104116,60555,38361,103452,79.05,231.43,57.2,1,16,3.01366
103021,66332,101785,45099.6,27990,105597,94.35,768.228,315.04,2,16,3.29483
95499.7,55062,113666,96846.9,55766,113814,113.9,139.026,593.12,3,16,3.62071
106935,66033,106130,65209,38878,109922,40.8,1849.75,683.76,4,16,3.88974
108746,63622,112017,61081.3,37055,108029,2804.15,6023.25,1637.68,5,16,4.24963
115713,67031,113133,63364.1,35758,116131,456.45,4626.1,1114.96,6,16,4.5322
116713,63668,120137,69915,37198,123177,1862.35,6708.01,1389.52,7,16,4.83213
121707,64898,122903,73926.3,36418,133034,459,3981.06,902,8,16,5.39869
124405,68855,118408,72160.4,38587,122557,459.85,3040.34,889.68,9,16,5.6996
98507,58901,109603,71123.5,42987,108432,383.35,330.832,448.8,10,16,5.92236
115093,69589,108390,63651.1,37544,111108,427.55,202.346,-50.16,11,16,6.17757
130785,70884,120917,92436.2,46499,130280,407.15,276.269,850.08,12,16,6.44942
108973,66464,107452,74004.3,42335,114561,320.45,182.12,359.92,13,16,6.78843
102141,62373,107321,99046.5,62334,104134,392.7,102.911,279.84,14,16,7.10373
91695.8,57349,104786,71844.2,44082,106810,357.85,157.475,206.8,14,15,7.39322
98078.9,60728,105844,74167.6,41315,117649,512.55,150.415,366.96,13,15,7.66
106489,64245,108628,71866.1,38629,121924,595,135.445,290.4,12,15,7.99054
120054,67184,117109,75044.3,38351,128239,357.85,60.675,108.24,11,15,8.27283
100397,60501,108753,75317.8,44594,110688,331.5,185.638,392.48,10,15,8.53537
118359,63885,121418,58567.6,31669,121200,1413.55,5897.58,1396.56,9,15,8.78225
119116,68648,113716,68801.2,33679,133880,2170.9,7119.81,1568.16,8,15,9.03817
93940.4,62460,98566.7,37331.8,23300,105003,647.7,4784.48,956.56,7,15,9.35756
103280,66474,101823,48170.7,32567,96936.1,2314.55,4262.43,846.56,6,15,9.7403
101544,64526,103133,47442.7,30206,102933,1568.25,4345.24,1450.24,5,15,10.1204
106504,65588,106419,55772.1,33545,108960,26.35,6852.56,1651.76,4,15,10.4098
133378,70009,124856,75264.8,38517,128062,5.1,6336.88,1193.28,3,15,10.6792
109917,67893,106101,44305,27555,105374,164.05,6791.82,1305.92,2,15,11.0046
111699,66516,110053,53675.4,32679,107643,105.4,1301.51,255.2,1,15,11.2715
87247.6,56137,101855,71055.9,42612,109282,114.75,1039.27,456.72,1,14,11.5396
126247,69519,119014,77052.6,41333,122172,93.5,1169.51,258.72,2,14,11.8088
91915.6,62790,95935.4,40809.6,26382,101376,52.7,529.753,285.12,3,14,12.1328
119580,66873,117189,73987.7,40323,120250,94.35,3177.67,775.28,4,14,12.4018
99702.3,66288,98571.2,36848.2,23453,102967,431.8,5843.15,1657.92,5,14,12.7197
120837,66528,119035,75529,45439,108934,9481.75,3182.65,1487.2,6,14,13.094
103309,62328,108626,46377.8,26514,114634,2352.8,5709.14,1400.08,7,14,13.397
123113,70099,115099,57586.9,32174,117300,439.45,4104.26,1258.4,8,14,13.7696
102718,67797,99292,41879.8,26395,103983,600.95,3315.76,788.48,9,14,14.1603
102861,61429,109738,63968.3,39163,107046,334.9,307.078,125.84,10,14,14.4586
115623,59416,127533,89993.3,45732,128964,1122.85,221.619,474.32,11,14,14.73
100507,60600,108693,79029.6,45463,113923,746.3,110.786,374.88,12,14,15.0503
99944.3,60181,108838,78069.7,48437,105629,623.9,80.8815,783.2,13,14,15.3183
99995.9,59972,109273,90228.3,49554,119328,482.8,102.899,222.64,14,14,15.6019
101146,53639,123580,69401.3,35998,126348,560.15,87.0495,143.44,14,13,15.8873
104837,60461,113636,85969.5,45795,123029,390.15,162.751,122.32,13,13,16.2083
108042,64756,109344,79911.5,44290,118245,1626.05,126.515,513.92,12,13,16.4771
108197,64929,109209,76998.5,41303,122174,386.75,111.711,618.64,11,13,16.8233
93656.5,55462,110668,76215.4,42745,116852,667.25,233.996,535.04,10,13,17.1049
90982,60512,98535.8,43648.8,27668,103389,1276.7,5070.4,1369.28,9,13,17.4979
98418.9,65765,98076.2,45575.9,27291,109445,886.55,3145.01,988.24,8,13,17.8507
109272,68724,104203,55137.7,33251,108674,1581.85,3238.2,675.84,7,13,18.1843
119844,64329,122092,81054.5,45827,115914,1046.35,3758.35,777.92,6,13,18.8538
118545,68119,114050,67943.2,39870,111681,1286.05,4909.36,995.28,5,13,19.1996
99726.3,64817,100833,37623,22734,108457,175.95,507.738,154,4,13,19.4256
95812.9,64193,97817.5,58891,35444,108890,99.45,448.787,110.88,3,13,19.6945
100415,65192,100945,51043.2,31167,107330,80.75,2317.03,1110.56,2,13,20.0205
113197,59840,123972,71854.6,39690,118646,102.85,2414.71,608.08,1,13,20.2868
96108.4,65353,96377.6,35756.2,24275,96532.3,100.3,2031.03,259.6,1,12,20.556
105540,64477,107273,51822.2,30810,110231,75.65,2521.19,710.16,2,12,20.828
112933,65717,112622,85296.6,48143,116112,175.95,1579.58,689.04,3,12,21.0917
94388.1,61833,100041,45322.2,28689,103532,76.5,1687.83,782.32,4,12,21.3609
93698.3,62428,98363.1,43981.6,28343,101696,1764.6,6316.42,1581.36,5,12,21.6169
102001,59480,112386,56589.5,33831,109623,1836,8136.25,1393.92,6,12,21.9087
116262,67377,113085,67317.1,37592,117357,3245.3,5176.63,1430,7,12,22.2454
116115,65192,116727,48277.8,27762,113966,1620.1,6561.96,1704.56,8,12,22.5833
104893,57338,119890,84832.8,48367,114946,442,4179.06,1582.24,9,12,23.1558
122036,68738,116351,93559.4,46258,132550,397.8,321.15,1315.6,10,12,23.4114
101117,65021,101918,59061.6,33390,115923,463.25,125.782,151.36,11,12,23.6965
108190,62090,114195,95796.5,54323,115570,678.3,123.995,416.24,12,12,24.0101
100290,62737,104764,67116.4,39198,112213,357.85,94.115,286.88,13,12,24.2753
101899,59753,111761,72073,45438,103952,508.3,102.896,1332.32,14,12,24.5442
106986,65685,106743,91539.8,52963,113271,332.35,154.838,432.96,14,11,24.8746
90496.1,56184,105559,74340.2,47123,103388,551.65,241.051,215.6,13,11,25.1513
100486,62386,105560,92444.6,49287,122922,872.95,291.17,869.44,12,11,25.4326
105614,65164,106217,71032,43278,107564,387.6,147.791,320.32,11,11,25.7683
82294.7,53906,100050,55445.5,34000,106873,409.7,106.428,89.76,10,11,26.0491
100915,61283,107919,44992.5,28906,102007,1977.95,5822.71,1297.12,9,11,26.4844
110599,67854,106820,49074.5,28603,112441,782,4180.78,1005.84,8,11,26.897
117811,67681,114077,60852.5,32331,123350,2191.3,3200.28,1116.72,7,11,27.191
111776,61281,119537,45391.8,24334,122249,1403.35,4170.14,954.8,6,11,27.4974
120249,66072,119273,75077.6,46169,106571,2900.2,4957.55,1248.72,5,11,27.8577
98644,58540,110433,75525.8,44116,112197,-30.6,1958,671.44,4,11,28.1236
96066.6,60376,104277,51853.4,32252,105366,92.65,3383.59,755.04,3,11,28.3928
98485.6,62258,103671,61845.7,35586,113896,46.75,139.034,102.08,2,11,28.6612
87865.3,62400,92281,41794.5,26847,102024,86.7,972.389,425.92,1,11,28.9292
87069.6,61225,93200.4,44815.7,29071,101030,69.7,348.471,165.44,1,10,29.2566
84338.2,57594,95968.1,47728.7,30028,104168,70.55,55.4311,130.24,2,10,29.5217
100005,65376,100250,34767.2,20780,109649,90.95,1527.67,223.52,3,10,29.8474
97334,65187,97855.1,55124.2,35510,101735,-3.4,403.92,381.92,4,10,30.1153
116236,68414,111346,62458.2,36523,112074,6378.4,3271.92,1219.68,5,10,30.516
97708.6,62639,102228,48111.4,32619,96662.4,531.25,7172.81,1554.08,6,10,30.8749
105166,67183,102588,47222.2,28862,107226,579.7,3865.77,736.56,7,10,31.1447
103975,66894,101864,51043.2,29382,113851,5991.65,3360.85,1091.2,8,10,31.421
117078,62703,122367,66055.6,38035,113817,876.35,3112.45,910.8,9,10,31.7679
115719,64425,117714,94241.7,49462,124868,355.3,179.475,174.24,10,10,32.004
99437.9,59968,108671,77063,47551,106210,339.15,160.117,494.56,11,10,32.3096
97733.6,57349,111686,80942.2,44406,119457,477.7,154.82,64.24,12,10,32.6358
115126,64848,116347,85982,44938,125393,427.55,113.466,-4.4,13,10,32.9186
125779,67904,121393,83414.2,44310,123373,559.3,84.4096,259.6,14,10,33.2562
107503,65366,107783,84254.6,54271,101743,753.95,168.865,560.56,14,9,33.5446
117356,66266,116063,78577.2,39167,131479,350.2,185.636,163.68,13,9,33.806
117606,68417,112654,73982.5,38111,127221,555.05,318.49,464.64,12,9,34.1371
102779,61630,109293,80922.4,45562,116398,384.2,162.752,243.76,11,9,34.3984
123928,64451,126014,91679.1,46710,128629,657.05,164.477,533.28,10,9,34.6739
94905.1,61421,101263,44861.4,27102,108481,558.45,4788.01,1053.36,9,9,34.9044
91906.7,64029,94069.9,36343.8,23147,102900,464.1,3478.58,616,8,9,35.2884
120411,69010,114349,63844.6,35519,117799,1038.7,5412.75,1385.12,7,9,35.5951
100930,61359,107800,48004.3,28634,109870,587.35,3668.65,839.52,6,9,36.0045
106262,65912,105656,54316.1,31098,114466,4499.9,4747.03,1210.88,5,9,36.3938
102390,64497,104039,59414.2,35902,108455,25.5,37.8368,193.6,4,9,36.6814
93800.7,60309,101930,57240.6,34086,110054,153.85,337.021,227.92,3,9,36.9493
99790.4,64708,101067,54883.9,35054,102609,71.4,1065.67,373.12,2,9,37.2773
101221,61684,107542,79470.6,47757,109056,56.1,4279.43,1228.48,1,9,37.5423
105613,68742,100687,42451.8,26435,105244,63.75,844.792,135.52,1,8,37.8113
104498,62737,109161,72640.9,39433,120726,107.1,143.427,-15.84,2,8,38.1367
82964,56636,96001.3,68124.2,46174,96690.4,47.6,201.514,245.52,3,8,38.4031
87091.8,58340,97834.3,51406.2,32788,102750,56.1,1161.59,344.08,4,8,38.671
95284.3,62449,99994.4,43668.6,27875,102668,679.15,4413.99,1009.36,5,8,38.9956
125037,67744,120962,70366.4,35115,131327,569.5,3600.01,992.64,6,8,39.3342
101637,62460,106642,52774.8,31709,109075,3337.95,4998.86,1420.32,7,8,39.6649
111008,66396,109570,70361.2,36628,125893,2756.55,3051.49,755.92,8,8,40.0471
89548.2,56385,104081,40921.9,28665,93558.7,816,5255.26,1266.32,9,8,40.3413
125971,67745,121863,93499.1,50962,120238,861.05,199.652,407.44,10,8,40.5968
85668.7,55261,101598,71449,44624,104932,582.25,94.0867,485.76,11,8,40.892
103589,66004,102854,73440.6,41957,114713,326.4,266.599,76.56,12,8,41.1807
133424,70280,124418,79129.4,41547,124818,513.4,102.015,58.08,13,8,41.5058
109690,63124,113881,79048.3,45715,113322,831.3,106.375,221.76,14,8,41.7834
96262.4,61228,103035,72615.9,41151,115646,373.15,247.233,296.56,14,7,42.0609
102474,57917,115954,68418.5,36437,123058,341.7,164.517,310.64,13,7,42.3218
99555.4,61393,106274,74994.4,39423,124669,410.55,204.108,194.48,12,7,42.5904
113431,66732,111398,71610.2,40070,117121,612,227.843,160.16,11,7,42.8876
99366.7,61407,106048,84709,50915,109034,381.65,165.392,51.04,10,7,43.2127
107243,59665,117796,64854.4,37470,113432,439.45,3504.1,1163.36,9,7,43.4935
93818.5,63453,96898.3,47596.6,30974,100707,3918.5,4506.87,1342.88,8,7,43.8222
97649.9,60474,105824,55761.7,34867,104810,1343.85,6006.71,1561.12,7,7,44.1511
102304,64817,103439,49963.7,30316,108010,440.3,3607.94,930.16,6,7,44.4402
134843,70109,126048,80368.1,40723,129337,568.65,3419.61,1144,5,7,44.8593
98778.4,64760,99962.1,59234.2,35241,110155,92.65,146.068,361.68,4,7,45.1045
104849,66608,103162,72624.2,44580,106763,7.65,3880.8,1145.76,3,7,45.3724
88123.4,57632,100209,61744.8,37935,106669,94.35,135.508,415.36,2,7,45.6375
88887,62203,93649.8,51047.4,34023,98328.8,36.55,124.075,-36.08,1,7,45.9065
94939.9,62200,100032,39825.8,25059,104155,26.35,1433.52,651.2,1,6,46.1755
99787.7,61532,106281,60548.8,35501,111775,39.95,205.915,145.2,2,6,46.5023
104597,62993,108820,67064.4,39380,111608,117.3,1046.31,26.4,3,6,46.7685
94607.9,63187,98125,47004.9,28375,108564,20.4,266.637,-39.6,4,6,47.0427
121996,68953,115950,65208,37154,115020,2827.95,7374.04,1669.36,5,6,47.3304
96311.4,53453,118082,80146.6,44646,117647,3250.4,6275.75,1631.52,6,6,47.6568
106164,67193,103546,48627.3,28986,109944,2490.5,3465.13,837.76,7,6,47.9322
83811.3,57597,95363.6,44724.2,29407,99671.6,2751.45,7902.05,1732.72,8,6,48.2465
106054,65416,106249,47907.6,27834,112800,1188.3,3379.93,775.28,9,6,48.5559
90914.4,54660,109004,94064.9,50742,121490,513.4,133.695,-37.84,10,6,48.7791
97112.4,55748,114163,70646.2,41542,111450,707.2,180.311,470.8,11,6,49.0478
103713,61418,110666,73303.4,40675,118107,413.95,135.468,191.84,12,6,49.3208
109040,60824,117487,60728.7,31495,126367,681.7,152.154,369.6,13,6,49.6106
102735,62142,108346,63690.6,38538,108309,533.8,166.253,235.84,14,6,49.915
100964,60982,108504,61624.2,35374,114169,453.05,203.223,156.64,14,5,50.1966
92707.7,61643,98562.6,64438.4,43055,98084.7,748.85,85.2657,357.28,13,5,50.4685
112475,59469,123949,92065,51269,117685,850,260.373,703.12,12,5,50.7283
106513,65213,107040,76375.5,42047,119042,649.4,180.318,-88.88,11,5,50.9914
106871,66474,105363,79601.6,48669,107189,425,270.987,695.2,10,5,51.2524
100420,63481,103671,38312.6,23230,108087,2878.1,3216.92,838.64,9,5,51.4842
129171,65957,128347,87047,41879,136219,5978.05,4539.17,1507.44,8,5,51.7523
100824,61037,108255,52585.5,31810,108338,519.35,5900.33,1452,7,5,52.0756
114005,64733,115419,63665.7,35706,116854,606.05,9761.76,1656.16,6,5,52.5302
120506,66209,119281,69875.5,39935,114670,812.6,8144.3,1679.04,5,5,52.8694
107964,60471,117007,71947.2,39399,119676,113.9,5900.39,1606.88,4,5,53.1579
100551,67293,97925.9,43674.8,24356,117518,14.45,476.078,227.04,3,5,53.4285
102139,61816,108286,75179.5,42900,114848,158.1,547.34,142.56,2,5,53.6919
99711.1,64311,101610,49737,31215,104423,92.65,357.268,192.72,1,5,53.9597
106997,59447,117956,68636.9,37965,118482,57.8,3959.99,925.76,1,4,54.2853
89219.8,62645,93337.2,47878.5,30181,103965,15.3,1105.28,322.96,2,4,54.5526
110961,60909,119390,92594.3,53319,113810,22.1,54.5572,377.52,3,4,54.8832
107058,65157,107681,71569.7,37906,123737,163.2,123.179,51.92,4,4,55.1468
106565,65425,106746,59789.6,37231,105245,2845.8,3020.68,635.36,5,4,55.4729
132066,68019,127245,81479.8,39614,134797,1118.6,3676.5,1209.12,6,4,55.8655
114885,63829,117957,45164.1,24042,123113,460.7,7873.3,1530.32,7,4,56.1723
126360,64865,127668,86862.9,46118,123437,789.65,5873.02,1311.2,8,4,56.5522
110783,66876,108563,65772.7,41289,104398,3596.35,6126.11,1444.08,9,4,56.8457
98396.6,58152,110891,54510.6,36834,96986.6,865.3,108.131,395.12,10,4,57.0628
92273.4,54566,110824,94801.2,56963,109069,536.35,134.572,264,11,4,57.338
96956.6,63505,100057,72223.8,42963,110171,328.1,180.359,218.24,12,4,57.6028
103701,65344,104006,69173.5,41150,110167,504.9,178.576,320.32,13,4,57.8926
96651.3,59004,107351,72385,41894,113234,340,114.357,176.88,14,4,58.1649
110747,64055,113308,91381.7,49182,121768,643.45,329.919,396,14,3,58.4288
118738,69575,111845,61954.9,32635,124415,447.95,141.624,221.76,13,3,58.73
129388,70717,119909,92053.5,47774,126278,400.35,255.15,84.48,12,3,59.0191
107168,65149,107805,78255.8,42287,121280,435.2,130.185,211.2,11,3,59.3531
87900.9,62383,92343.6,40327,28284,93440.6,332.35,264.838,-68.64,10,3,59.638
123447,63776,126854,72142.7,40204,117599,507.45,4521.38,1190.64,9,3,59.9658
99047.2,65793,98660.3,52369.2,33402,102750,1973.7,4125.19,1014.64,8,3,60.3525
97800.3,60665,105653,50146.7,31188,105374,498.95,5411.94,1158.96,7,3,60.6958
107963,67393,104988,41351.4,23173,116947,839.8,5343.25,1301.52,6,3,61.0279
88066.4,60392,95567.6,41643.7,27563,99015.4,849.15,3875.41,851.84,5,3,61.3269
96793.7,64417,98475.1,48815.5,28164,113591,109.65,352.866,279.84,4,3,61.5981
92319.7,60508,99991.1,50244.5,32940,99964.2,86.7,58.9491,-55.44,3,3,61.8677
108831,65185,109417,75831.6,45605,108973,34,147.836,337.92,2,3,62.1948
100401,61370,107216,68999.8,40831,110749,82.45,114.39,129.36,1,3,62.4598
95500.6,58004,107902,49862.8,29705,110009,53.55,1537.35,451.44,1,2,62.7282
96581.9,62853,100705,53998.9,32571,108651,135.15,373.983,212.08,2,2,62.9967
88135.8,58236,99183.8,58052.8,34121,111502,162.35,1036.62,471.68,3,2,63.3244
101965,64044,104340,56443.9,33712,109727,37.4,5860.79,1313.84,4,2,63.5892
104444,60708,112750,54929.7,30681,117332,1368.5,3370.23,1048.96,5,2,63.8557
101902,66770,100019,42502.7,26987,103215,405.45,3482.11,663.52,6,2,64.1415
87159.5,61001,93639.2,45043.4,28943,101992,561.85,5579.13,1322.64,7,2,64.4265
100599,62857,104887,49744.2,30890,105537,1201.05,5058.97,1041.04,8,2,64.7319
106739,66022,105953,46665.8,29922,102209,1684.7,5831.55,1312.96,9,2,65.0714
94745.8,59515,104331,76717.7,43150,116518,699.55,164.472,-79.2,10,2,65.4107
104806,64810,105980,64941.8,38558,110380,373.15,66.833,737.44,11,2,65.7121
124767,69879,117013,83626.4,42647,128509,341.7,108.197,634.48,12,2,66.0167
126269,65653,126044,88538.3,45579,127305,1083.75,261.224,844.8,13,2,66.3041
113806,67346,110747,69954.6,38411,119355,445.4,81.7839,256.08,14,2,66.5741
99738.7,64566,101237,44189.6,26343,109935,344.25,67.7167,88,14,1,66.8383
89988.8,60488,97498.8,51810.7,31607,107428,344.25,155.717,297.44,13,1,67.1161
113553,62989,118145,87567,51091,112325,607.75,278.883,703.12,12,1,67.4533
95134.8,61460,101444,63609.5,37758,110406,764.15,130.144,156.64,11,1,67.7874
106261,63737,109260,65883,36166,119386,316.2,215.56,92.4,10,1,68.1142
100582,64034,102942,47432.3,29788,104355,453.05,6529.54,1599.84,9,1,68.3577
121461,64293,123809,54922.4,28928,124426,915.45,4174.6,1317.36,8,1,68.6685
125662,63545,129599,82401.3,42705,126455,500.65,8847.46,1677.28,7,1,69.0462
127549,68894,121332,74837.4,38450,127556,1205.3,3538.33,1018.16,6,1,69.3333
108486,65736,108156,55141.8,34089,106010,649.4,4682.4,1071.84,5,1,69.6973
97115,63200,100705,55652.5,37185,98083.7,68.85,1171.27,462.88,4,1,69.9343
82870.6,50454,107643,76509.7,39490,126972,155.55,179.5,755.92,3,1,70.1909
83498,55108,99298.2,56900.5,33936,109884,54.4,6165.27,1556.72,2,1,70.4471
96913.9,61385,103467,75722.4,43509,114058,141.95,544.702,242,1,1,70.7107
99700.5,62176,105088,54533.4,32231,110884,406.3,3569.23,1083.28,17,1,71.241
95281.6,62929,99228.9,48567,29916,106394,96.05,1404.47,462.88,17,2,71.4644
83790.8,48077,114219,78338,38444,133544,566.1,4941.13,1290.08,17,3,71.7419
96270.4,66092,95460.5,38139.9,25404,98391.5,29.75,967.996,228.8,17,4,72.0463
118241,65153,118936,82025.8,44519,120749,4397.05,4727.69,1196.8,17,5,72.2987
90144.5,59964,98521,63240.3,37446,110680,57.8,3696.87,770.88,17,6,72.5673
107921,65547,107902,51861.7,31922,106472,661.3,4312.8,936.32,17,7,73.0393
97385.6,64529,98905.3,59645,38131,102512,89.25,516.549,91.52,17,8,73.296
93840.7,60485,101677,36377.1,23119,103119,429.25,3527.87,652.96,17,9,73.5198
92312.6,57010,106118,69142.3,39821,113792,29.75,241.116,-37.84,17,10,73.7686
101309,60961,108912,66122.2,38004,114024,780.3,5213.9,1383.36,17,11,74.0973
112438,67470,109215,60077.7,36326,108387,56.95,2438.47,993.52,17,12,74.3453
75861.8,55277,89941.2,28279.7,18542,99953.5,455.6,7062.82,1440.56,17,13,74.5891
108358,67501,105204,49154.6,31417,102537,38.25,2128.72,671.44,17,14,74.8419
101055,64091,103333,39812.2,24361,107103,634.95,6583.2,1397.44,17,15,75.1225
81655.7,51705,103498,77891.8,47662,107103,165.75,152.219,84.48,17,16,75.3651
89695.1,52396,112189,59092.8,33896,114253,98.6,4702.71,1235.52,18,16,75.6312
86215.2,61724,91539.7,39490.9,25561,101251,100.3,1467.83,638,19,16,75.9568
87850.1,61044,94314.7,40789.8,26333,101515,74.8,491.911,155.76,20,16,76.2236
97708.6,63943,100143,39877.8,25794,101319,1392.3,8270.95,1675.52,21,16,76.649
104938,67241,102277,49243,27835,115940,674.9,8014.08,1704.56,22,16,76.9
93034.4,52404,116348,52791.4,31858,108599,420.75,6272.59,1444.08,23,16,77.2898
115397,62440,121119,82422.1,45019,119985,3165.4,8021.68,1711.6,24,16,77.628
103845,62134,109531,45971.1,26142,115246,850.85,5163.73,1433.52,24,14,77.9579
115534,61000,124126,46782.3,27134,112992,885.7,6551.49,1580.48,23,14,78.421
114340,66959,111910,60039.2,37235,105673,696.15,5424.23,1289.2,22,14,78.8543
95481.9,54661,114478,89306.9,50585,115703,668.1,191.756,808.72,22,15,79.1634
104776,64720,106097,72099,40643,116258,391,147.791,265.76,21,15,79.4701
98875.4,64496,100470,59845.8,34622,113282,335.75,112.598,407.44,20,15,79.7773
115153,65802,114687,69019.6,37993,119055,500.65,185.617,468.16,19,15,80.0806
100395,63449,103697,61855,35102,115484,327.25,55.3988,88,18,15,80.3567
99957.7,64393,101732,74908.1,47093,104244,113.05,930.146,594.88,18,14,80.5993
111317,64354,113361,84223.4,48203,114509,100.3,4348.95,933.68,19,14,80.8717
95660.8,60344,103891,67356.6,43246,102074,105.4,2485.99,1006.72,20,14,81.1367
85708.8,61220,91751.2,36078.6,22615,104552,1436.5,5193.58,1208.24,21,14,81.4436
104257,55896,122238,87799.9,50310,114372,544,150.412,339.68,21,13,81.7299
116925,63359,120942,85110.5,44375,125697,385.9,197.951,372.24,20,13,81.991
115534,67339,112440,83898.9,48292,113857,480.25,103.78,575.52,19,13,82.2809
113409,63980,116167,81110.6,43279,122823,441.15,196.184,341.44,18,13,82.557
99918.5,64148,102081,69819.4,40992,111624,150.45,525.341,256.08,18,12,82.7722
104883,59400,115717,90204.4,47361,124821,14.45,138.158,30.8,19,12,83.0323
96551.6,61668,102608,48464,30130,105414,132.6,686.383,352.88,20,12,83.2975
102762,57165,117810,71265,40943,114071,954.55,7278.36,1709.84,21,12,83.6515
111068,67485,107860,52243.4,31163,109868,430.1,7154.35,1568.16,22,12,83.9855
108338,67329,105453,71756.9,40763,115366,425.85,294.746,88,22,13,84.2646
105255,56794,121456,78638.6,44144,116746,2319.65,6380.59,1545.28,23,12,84.5795
119583,62369,125655,91785.2,47667,126193,5497.8,5364.67,1550.56,24,12,84.9192
110985,66662,109110,43063.3,24982,112969,476,7184.26,1538.24,24,10,85.2805
116493,67276,113480,58902.5,34092,113230,486.2,6356.18,1334.08,23,10,85.61
116705,66034,115825,63475.4,37691,110369,2815.2,6054.05,1566.4,22,10,85.9775
119800,68360,114851,70095,35799,128320,394.4,263.95,262.24,22,11,86.2563
117891,66768,115716,71490.6,36727,127569,490.45,140.738,429.44,21,11,86.5108
116472,68932,110734,77813.8,41982,121471,433.5,110.825,421.52,20,11,86.7897
102843,63057,106886,54805.9,32115,111841,400.35,270.99,265.76,19,11,87.1162
113149,61924,119749,96767.8,55406,114460,623.05,78.2416,176,18,11,87.4051
105362,66468,103884,54225.6,32290,110057,76.5,3688.07,951.28,18,10,87.6415
103600,66706,101782,52239.2,31954,107140,59.5,4337.51,997.04,19,10,87.9663
100923,60185,109896,96763.7,54063,117298,70.55,236.711,339.68,20,10,88.2331
108657,65329,109001,50078.1,31758,103341,1398.25,6218.78,1695.76,21,10,88.5725
118139,68324,113318,82423.1,45902,117679,412.25,114.348,167.2,21,9,88.8149
91135.1,59293,100731,69212,39367,115220,437.75,140.745,-138.16,20,9,89.0935
107089,65761,106723,78112.3,49955,102476,537.2,97.6124,-83.6,19,9,89.416
110560,66684,108657,89096.8,48314,120856,386.75,147.791,453.2,18,9,89.6774
94180.7,62612,98579,56510.5,32690,113291,141.95,1121.98,359.04,18,8,89.9096
94324,64825,95358.5,42698.2,27023,103551,63.75,2740.31,1007.6,19,8,90.1802
82735.3,57615,94109.9,40345.8,24747,106845,56.95,427.673,-42.24,20,8,90.5033
89437,58559,100093,41455.4,28251,96167.3,521.05,5419.85,1284.8,21,8,90.8049
120447,66624,118480,74595,39682,123196,433.5,5088.11,1210,22,8,91.1373
103936,63449,107355,72523.4,42239,112524,314.5,170.68,113.52,22,9,91.3589
104704,65521,104728,47779.7,31455,99548.2,438.6,4526.67,1124.64,23,8,91.7354
95218.4,60345,103409,38571.5,24280,104111,448.8,3668.66,874.72,24,8,92.0628
124574,67851,120324,76512.8,41725,120176,1407.6,5008.78,1599.84,24,6,92.3416
115375,62663,120665,73130.7,39621,120964,418.2,6024.43,1608.64,23,6,92.6068
120071,70121,112220,59178.1,32227,120343,2211.7,6432.52,1411.52,22,6,92.8852
99933.6,60910,107523,86039.2,52904,106583,325.55,182.119,346.72,22,7,93.1167
99588.3,57248,114006,77072.3,44623,113193,323,174.199,359.04,21,7,93.4447
101440,57388,115843,93693.6,50548,121475,927.35,146.843,701.36,20,7,93.7488
102753,63029,106840,83501.6,45247,120944,358.7,262.195,205.04,19,7,94.007
102396,66701,100608,69838.1,37514,122005,394.4,76.5104,118.8,18,7,94.2739
86749.2,58339,97451,54761.2,30653,117079,100.3,2310.87,521.84,18,6,94.493
103042,60207,112163,61880,33974,119367,83.3,4140.39,1028.72,19,6,94.7763
96073.7,60576,103940,57590,34776,108529,102,563.187,-46.64,20,6,95.1047
111219,63788,114267,68317.6,43335,103317,991.1,3432.76,1265.44,21,6,95.3416
96389.7,60535,104353,50432.7,29502,112032,808.35,-15.9417,146.08,21,5,95.5947
111957,65265,112422,85406.9,47679,117394,353.6,79.1555,663.52,20,5,95.929
111828,61236,119680,93622.9,47923,128032,1172.15,256.812,178.64,19,5,96.1943
98227.5,60704,106046,89679.2,50530,116311,451.35,146.023,285.12,18,5,96.4815
103592,62926,107888,63319.4,37418,110901,128.35,2823.9,685.52,18,4,96.8093
98616.4,61708,104734,60892,39320,101491,5.1,7.91936,193.6,19,4,97.1379
114317,68381,109561,75803.5,44671,111210,5.95,1165.12,278.08,20,4,97.4033
110453,59061,122562,82868.2,47922,113327,828.75,7843.34,1554.96,21,4,97.709
125457,65893,124777,81260.4,42294,125916,838.1,4238.85,960.08,22,4,98.103
97638.3,59953,106731,85107.4,54838,101710,327.25,250.759,1115.84,22,5,98.4307
114485,61012,122974,91685.4,51039,117727,2678.35,5331.58,1161.6,23,4,98.8339
121878,63662,125466,93091.4,50190,121555,561.85,4280.25,1000.56,24,4,99.1317
98686.8,63976,101093,54795.5,33442,107382,2239.75,4584.52,1085.04,24,2,99.4984
99664.9,62386,104697,45520.8,27968,106667,2774.4,3231.89,714.56,23,2,99.8308
113063,69125,107193,50296.5,28354,116253,453.05,4619.94,1213.52,22,2,100.134
99420.1,63641,102380,65210.1,37436,114158,623.05,163.602,814,22,3,100.342
100905,62813,105279,79202.2,50075,103656,338.3,42.1974,106.48,21,3,100.676
122712,69131,116331,82147.5,47636,113016,458.15,54.5023,543.84,20,3,100.978
118156,65657,117939,86988.7,47539,119920,317.9,233.16,127.6,19,3,101.249
106041,66780,104065,61776,37138,109014,381.65,68.592,181.28,18,3,101.526
96791.1,62536,101434,79612,49802,104764,79.9,247.27,330.88,18,2,101.812
87680.1,60414,95113.8,32712.2,20131,106494,147.9,90.6214,347.6,19,2,102.077
89575.8,53640,109442,77744.2,44135,115442,14.45,112.638,139.92,20,2,102.351
128161,67785,123909,79245.9,42962,120885,491.3,5756.02,1466.96,21,2,102.633
106604,63449,110111,96019,55123,114158,349.35,95.876,435.6,21,1,102.851
107611,64740,108934,81957.2,49888,107664,360.4,199.715,159.28,20,1,103.115
117584,67389,114351,66491.4,35219,123728,339.15,331.717,271.92,19,1,103.394
101060,63178,104832,63666.7,38162,109336,463.25,200.582,286,18,1,103.679
100598,62126,106119,73019.4,40318,118691,397.8,58.0299,82.72,22,1,104.014
